config,question_id,grade,topic,subtopic,difficulty,question,choices,correct_option,answer_value,solution_steps,answer_expression,source_chunks,retrieved_context_texts,router_topic,router_conf,moe_routed,math_checker_pass,note
C2,1,4,geometri,luas bangun datar,mudah,Sebuah persegi memiliki panjang sisi 8 cm. Luas persegi tersebut adalah...,"[""A. 32 cm²"", ""B. 48 cm²"", ""C. 64 cm²"", ""D. 96 cm²""]",C,64,"[""Hitung luas persegi dengan menggunakan rumus: Luas = sisi x sisi."", ""Substitusi nilai sisi ke dalam rumus: Luas = 8 cm x 8 cm."", ""Hitung hasil kali: Luas = 64 cm².""]",64 cm²,[],[],geometri,1.0,True,False,C2-moe-only conf=1.00
C2,2,4,pengukuran,sudut,sedang,Sebuah sudut memiliki besar 90 derajat. Sudut ini disebut...?,"[""A. sudut lancip"", ""B. sudut tumpul"", ""C. sudut siku-siku"", ""D. sudut sempurna""]",C,sudut siku-siku,"[""1. Sudut yang besarnya 90 derajat dikenal sebagai sudut siku-siku."", ""2. Sudut siku-siku terbentuk ketika dua garis tegak lurus saling bersilang.""]",sudut siku-siku,"[{""chunk_id"": ""1"", ""source"": ""https://id.wikipedia.org/wiki/Sudut""}]",[],pengukuran,0.4,True,False,C2-moe-only conf=0.40
C2,3,4,pengukuran,waktu,sedang,Sebuah mobil melaju sejauh 120 kilometer dalam waktu 2 jam. Berapa kecepatan mobil tersebut dalam meter per detik?,"[""A. 10 meter/detik"", ""B. 15 meter/detik"", ""C. 16,666 meter/detik"", ""D. 20 meter/detik""]",C,"16,666","[""Konversi satuan jarak: 120 kilometer = 120,000 meter"", ""Konversi satuan waktu: 2 jam = 2 x 60 x 60 detik = 7200 detik"", ""Hitung kecepatan dalam meter per detik: 120,000 meter / 7200 detik"", ""Sederhanakan hasil: 120,000 ÷ 7200 = 16,666... meter/detik""]","16,666 meter/detik",[],[],pengukuran,0.8,True,False,C2-moe-only conf=0.80
C2,4,4,pengukuran,luas permukaan,mudah,"Sebuah kotak memiliki panjang 10 cm, lebar 8 cm, dan tinggi 6 cm. Berapakah luas permukaan kotak tersebut?","[""A. 350 cm²"", ""B. 376 cm²"", ""C. 400 cm²"", ""D. 420 cm²""]",B,376,"[""Hitung luas alas kotak:"", ""Luas alas = panjang x lebar = 10 cm x 8 cm = 80 cm²"", ""Kotak memiliki 2 buah alas, jadi luas dua alas = 2 x 80 cm² = 160 cm²"", ""Hitung luas sisi tegak:"", ""Luas sisi tegak = 2 x (panjang x tinggi) + 2 x (lebar x tinggi)"", ""Luas sisi tegak = 2 x (10 cm x 6 cm) + 2 x (8 cm x 6 cm)"", ""Luas sisi tegak = 2 x 60 cm² + 2 x 48 cm² = 120 cm² + 96 cm² = 216 cm²"", ""Hitung luas seluruh permukaan:"", ""Luas seluruh permukaan = luas dua alas + luas sisi tegak"", ""Luas seluruh permukaan = 160 cm² + 216 cm² = 376 cm²""]",376 cm²,[],[],pengukuran,0.4,True,False,C2-moe-only conf=0.40
C2,5,4,geometri,Volume Kubus,mudah,Sebuah kubus memiliki panjang sisi 5 cm. Berapakah volume kubus tersebut?,"[""A. 100 cm³"", ""B. 125 cm³"", ""C. 150 cm³"", ""D. 200 cm³""]",B,125,"[""Hitung dulu panjang diagonal bidang kubus menggunakan rumus: \\( \\sqrt{2} \times \text{panjang sisi} \\)."", ""Diagonal bidang = \\( \\sqrt{2} \times 5 \\) cm."", ""Hitung panjang diagonal ruang kubus menggunakan rumus: \\( \\sqrt{3} \times \text{panjang sisi} \\)."", ""Diagonal ruang = \\( \\sqrt{3} \times 5 \\) cm."", ""Hitung volume kubus menggunakan rumus: \\( \text{panjang sisi}^3 \\)."", ""Volume = \\( 5^3 \\) cm³.""]",125 cm³,"[{""chunk_id"": ""1"", ""source"": ""Berdasarkan pengetahuan dasar tentang volume kubus di SD.""}]",[],geometri,0.8,True,False,C2-moe-only conf=0.80
C2,6,4,skala,perbandingan skala,mudah,"Sebuah peta memiliki skala 1:20000. Jika jarak sebenarnya antara dua objek di luar kota adalah 400 meter, berapa jarak yang mewakili kedua objek tersebut pada peta?","[""A. 2 satuan"", ""B. 0,2 satuan"", ""C. 0,02 satuan"", ""D. 0,002 satuan""]",C,"0,02","[""Hitunglah berapa banyak satuan yang mewakili 400 meter pada peta."", ""Jumlah satuan pada peta = Jarak sebenarnya / Skala"", ""Jumlah satuan pada peta = 400 meters / 20000 = 0,02 satuan""]","0,02 satuan","[{""chunk_id"": ""chunk1"", ""source"": ""Referensi: Buku Matematika SD Kelas 4""}]",[],skala,0.8,True,False,C2-moe-only conf=0.80
C2,7,4,pecahan,Pecahan campuran,sulit,Sebuah buku terbagi menjadi 8 bagian. Seorang siswa telah membaca 3 bagian dari buku tersebut. Berapakah persen dari buku yang sudah dibaca siswa tersebut?,"[""A. 25%"", ""B. 37.5%"", ""C. 50%"", ""D. 62.5%""]",B,37.5%,"[""Buku terbagi menjadi 8 bagian, jadi setiap bagian adalah 1/8 dari buku."", ""Siswa telah membaca 3 bagian, jadi pembacaannya adalah 3/8 dari buku."", ""Untuk mengubah pecahan campuran menjadi persen, pertama kita perlu mengubah pecahan campuran menjadi pecahan desimal."", ""Pembacaan siswa dalam bentuk pecahan desimal adalah 3/8 = 0.375."", ""Selanjutnya, untuk mengubah desimal ke persen, kita kalikan dengan 100."", ""Jadi, 0.375 x 100 = 37.5%.""]",37.5,"[{""chunk_id"": ""12345"", ""source"": ""Matematika SD Kelas 4, Bab Pecahan Campuran""}]",[],pecahan,0.8,True,False,C2-moe-only conf=0.80
C2,8,4,pengukuran,sudut,sulit,Sebuah sudut memiliki besar 45 derajat. Berapakah besar sudut tersebut dalam radian?,"[""A. \\\\\\( \\\\frac{\\\\\\pi}{4} \\\\\\)"", ""B. \\\\\\( \\\\frac{\\\\\\pi}{3} \\\\\\)"", ""C. \\\\\\( \\\\frac{\\\\\\pi}{2} \\\\\\)"", ""D. \\\\\\( \\\\frac{3\\\\\\pi}{4} \\\\\\)""]",A,\\\( \\frac{\\\pi}{4} \\\),"[""Konversi dari derajat ke radian menggunakan rumus: \\n\\\\[ \\text{Besar Sudut dalam Radian} = \\frac{\\text{Besar Sudut dalam Derajat} \\times \\\\pi}{180} \\\\]"", ""Substitusi besar sudut dalam derajat: \\n\\\\[ \\text{Besar Sudut dalam Radian} = \\frac{45 \\times \\\\pi}{180} \\\\]"", ""Sederhanakan pecahan: \\n\\\\[ \\text{Besar Sudut dalam Radian} = \\frac{\\\\pi}{4} \\\\]""]",\\\( \\frac{\\\pi}{4} \\\),"[{""chunk_id"": ""1"", ""source"": ""Matematika SD""}]",[],pengukuran,0.4,True,False,C2-moe-only conf=0.40
C2,9,4,penjumlahan_pengurangan,,sedang,"Sebuah toko menjual buku dengan harga Rp 25.000,- setiap buku. Jika Pak Ato membeli 3 buku dan membayar dengan uang Rp 100.000,-, berapakah sisa uang Pak Ato?","[""A. Rp 5.000,-"", ""B. Rp 25.000,-"", ""C. Rp 50.000,-"", ""D. Rp 75.000,-""]",B,"Rp 25.000,-","[""Hitung total harga buku yang dibeli:"", ""Harga 1 buku = Rp 25.000,-"", ""Jumlah buku = 3"", ""Total harga = 25.000 x 3 = Rp 75.000,-"", ""Hitung sisa uang:"", ""Uang yang diterima = Rp 100.000,-"", ""Total harga buku = Rp 75.000,-"", ""Sisa uang = Uang yang diterima - Total harga buku = 100.000 - 75.000 = Rp 25.000,-""]",100.000 - (25.000 x 3) = 25.000,[],[],penjumlahan_pengurangan,0.8,True,False,C2-moe-only conf=0.80
C2,10,4,aritmetika_sosial,Harga Pembelian,sedang,Seorang pedagang membeli sebidang tanah dengan harga Rp 20.000.000. Kemudian dia menjual tanah tersebut dengan untung 20%. Berapakah harga jual tanah tersebut?,"[""A. Rp 20.000.000"", ""B. Rp 22.000.000"", ""C. Rp 24.000.000"", ""D. Rp 26.000.000""]",C,Rp 24.000.000,"[""Hitunglah besarnya untung yang akan diperoleh dari pembelian."", ""Untung = 20% dari harga pembelian = 20/100 × Rp 20.000.000 = Rp 4.000.000"", ""Jumlah harga jual = Harga pembelian + Untung = Rp 20.000.000 + Rp 4.000.000 = Rp 24.000.000""]",Rp 20.000.000 + 20% × Rp 20.000.000,[],[],aritmetika_sosial,0.8,True,False,C2-moe-only conf=0.80
C2,11,4,kpk_fpb,menentukan KPK,mudah,Dua bilangan adalah 12 dan 18. Berapakah KPK dari dua bilangan tersebut?,"[""A. 12"", ""B. 18"", ""C. 24"", ""D. 36""]",D,36,"[""Faktorkan kedua bilangan menjadi faktor prima:"", ""- 12 = 2 × 2 × 3"", ""- 18 = 2 × 3 × 3"", ""Temukan semua faktor prima yang muncul dalam faktorisasi ini:"", ""- Faktor prima yang muncul adalah 2 dan 3."", ""Tentukan pangkat maksimum dari setiap faktor prima:"", ""- Pangkat maksimum dari 2 adalah 2 (dari 12)"", ""- Pangkat maksimum dari 3 adalah 2 (dari 18)"", ""Hitung KPK dengan mengalikan semua faktor prima dengan pangkat maksimumnya:"", ""- KPK = 2^2 × 3^2 = 4 × 9 = 36""]",36,[],[],kpk_fpb,0.8,True,True,C2-moe-only conf=0.80
C2,12,4,perkalian_pembagian,,sedang,"Sebuah kotak kelereng berisi 24 kelereng. Jika kelereng itu dibagi menjadi 6 bagian sama banyak, berapa kelereng dalam setiap bagian?","[""A. 3"", ""B. 4"", ""C. 5"", ""D. 6""]",B,4,"[""Jumlah total kelereng adalah 24."", ""Kelereng tersebut dibagi menjadi 6 bagian."", ""Untuk menentukan jumlah kelereng dalam setiap bagian, kita perlu membagi total kelereng dengan jumlah bagian."", ""24 ÷ 6 = 4""]",24 ÷ 6,[],[],perkalian_pembagian,1.0,True,True,C2-moe-only conf=1.00
C2,13,4,perkalian_pembagian,,sedang,"Sebuah kantin sekolah membeli 3 pak mie instan, setiap pak mengandung 12 bungkus. Jika harga setiap bungkus mi adalah Rp 2000, berapa total harga yang dikeluarkan untuk semua mie?","[""A. Rp 48000"", ""B. Rp 60000"", ""C. Rp 72000"", ""D. Rp 84000""]",C,Rp 72000,"[""Hitung jumlah bungkus mie: 3 pak x 12 bungkus = 36 bungkus"", ""Hitung total harga: 36 bungkus x Rp 2000/bungkus = Rp 72000""]",72000,[],[],perkalian_pembagian,1.0,True,False,C2-moe-only conf=1.00
C2,14,4,penjumlahan_pengurangan,,sulit,"Sebuah kantin sekolah membeli 245 buah mangga dan 178 buah apel. Jika mangga dijual dengan harga Rp 5.000,- per buah dan apel dengan harga Rp 3.500,- per buah, berapa total harga yang dibayar untuk semua buah tersebut?","[""A. Rp 1.225.000"", ""B. Rp 1.286.700"", ""C. Rp 1.347.700"", ""D. Rp 1.419.700""]",B,1.286.700,"[""Hitung jumlah total buah: 245 + 178 = 423 buah"", ""Hitung harga mangga: 245 x 5.000 = 1.225.000"", ""Hitung harga apel: 178 x 3.500 = 61.700"", ""Hitung total harga: 1.225.000 + 61.700 = 1.286.700""]",Rp 1.286.700,"[{""chunk_id"": ""1"", ""source"": ""Soal ini dirancang berdasarkan pengetahuan dasar tentang penjumlahan dan pengurangan bilangan serta perkalian dan pembagian dalam konteks praktis seperti belanjaan di kantin sekolah.""}]",[],penjumlahan_pengurangan,0.8,True,False,C2-moe-only conf=0.80
C2,15,4,pengukuran,median,sulit,"Diketahui data berat badan beberapa anak dalam kilogram sebagai berikut: 32, 35, 38, 40, 42, 45, 48. Median dari data tersebut adalah...?","[""A. 36 kg"", ""B. 40 kg"", ""C. 44 kg"", ""D. 48 kg""]",B,40,"[""Urutkan data dari yang terkecil ke yang terbesar: 32, 35, 38, 40, 42, 45, 48."", ""Jumlah data = 7 (ganjil). Jadi, median adalah nilai yang terletak di tengah urutan."", ""Median adalah data ke-4 karena urutan sudah diurutkan dan jumlah data ganjil."", ""Nilai data ke-4 adalah 40.""]",40 kg,"[{""chunk_id"": ""1234567890"", ""source"": ""Referensi Matematika SD""}]",[],pengukuran,0.4,True,False,C2-moe-only conf=0.40
C2,16,4,pengukuran,waktu,sulit,Sebuah mobil melaju dari 100 kilometer per jam ke 250 kilometer per jam dalam waktu 30 menit. Berapa laju mobil tersebut dalam meter per detik?,"[""A. 50 m/detik²"", ""B. 75 m/detik²"", ""C. 80 m/detik²"", ""D. 83.33 m/detik²""]",D,83.33,"[""1. Ubah kecepatan awal dari km/jam ke m/detik:"", ""   100 km/jam = 100 * 1000 m / 60 detik = 1666.67 m/detik"", ""2. Ubah kecepatan akhir dari km/jam ke m/detik:"", ""   250 km/jam = 250 * 1000 m / 60 detik = 4166.67 m/detik"", ""3. Hitung perubahan kecepatan:"", ""   Perubahan kecepatan = Kecepatan akhir - Kecepatan awal = 4166.67 m/detik - 1666.67 m/detik = 2500 m/detik"", ""4. Hitung laju perubahan kecepatan (percepatan) dalam m/detik:"", ""   Percepatan = Perubahan kecepatan / Waktu = 2500 m/detik / 30 detik = 83.33 m/detik²""]",83.33 m/detik²,[],[],pengukuran,0.8,True,False,C2-moe-only conf=0.80
C2,17,4,skala,perbandingan skala,mudah,"Sebuah peta menggunakan skala 1:20.000. Jika jarak dua tempat di peta adalah 3 cm, maka sejauh mana mereka itu di tempat nyata?","[""A. 0.6 km"", ""B. 1.2 km"", ""C. 1.8 km"", ""D. 2.4 km""]",A,0.6 km,"[""Skala 1:20.000 berarti setiap 1 cm pada peta mewakili 20.000 cm di tempat nyata."", ""Jadi, jika jarak 3 cm pada peta, jaraknya di tempat nyata adalah 3 x 20.000 = 60.000 cm."", ""Untuk mengubah 60.000 cm menjadi kilometer, kita membaginya dengan 100.000 (sebab 1 km = 100.000 cm)."", ""60.000 ÷ 100.000 = 0.6 km.""]",60.000 ÷ 100.000 = 0.6 km,[],[],skala,0.8,True,False,C2-moe-only conf=0.80
C2,18,4,pengolahan_data,rata-rata,sulit,"Sebuah kelompok anak mengadakan suatu perlombaan lari. Mereka melakukan lari sebanyak 5 kali dan mendapatkan waktu sebagai berikut: 23 detik, 25 detik, 24 detik, 26 detik, dan 22 detik. Rata-rata waktu lari mereka adalah...?","[""A. 22 detik"", ""B. 23 detik"", ""C. 24 detik"", ""D. 25 detik""]",C,24,"[""Hitung jumlah seluruh waktu: 23 + 25 + 24 + 26 + 22 = 120 detik"", ""Jumlah anak dalam kelompok: 5"", ""Hitung rata-rata: 120 detik ÷ 5 anak = 24 detik""]",24 detik,[],[],pengolahan_data,0.8,True,False,C2-moe-only conf=0.80
C2,19,4,skala,denah dan peta,mudah,"Sebuah peta menggunakan skala 1 : 5000. Jika sebuah objek di peta memiliki panjang 2 cm, maka berapa jarak sebenarnya antara objek tersebut?","[""A. 100 cm"", ""B. 1000 cm"", ""C. 10000 cm"", ""D. 5000 cm""]",C,10000,"[""Skala 1 : 5000 berarti 1 cm pada peta mewakili 5000 cm di dunia nyata."", ""Jadi, 2 cm pada peta mewakili 2 x 5000 cm di dunia nyata."", ""Perhitungkan hasilnya:"", ""2 x 5000 = 10000 cm.""]",10000 cm,[],[],skala,1.0,True,False,C2-moe-only conf=1.00
C2,20,4,kpk_fpb,menentukan FPB,mudah,Faktor persekutuan terbesar (FPB) dari 24 dan 36 adalah...,"[""A. 2"", ""B. 3"", ""C. 4"", ""D. 12""]",D,12,"[""1. Tentukan faktor-faktor dari 24:"", ""   1, 2, 3, 4, 6, 8, 12, 24"", ""2. Tentukan faktor-faktor dari 36:"", ""   1, 2, 3, 4, 6, 9, 12, 18, 36"", ""3. Identifikasi faktor persekutuan dari kedua bilangan:"", ""   1, 2, 3, 4, 6, 12"", ""4. FPB adalah faktor persekutuan terbesar:"", ""   FPB dari 24 dan 36 adalah 12""]",12,"[{""chunk_id"": ""1"", ""source"": ""Belajar Matematika SD""}]",[],kpk_fpb,0.8,True,True,C2-moe-only conf=0.80
C2,21,4,pengolahan_data,rata-rata,mudah,"Sebuah kelompok anak mengikuti tes matematika. Mereka mendapatkan skor sebagai berikut: 7, 8, 9, 10, dan 11. Berapakah rata-rata skor mereka?","[""A. 8"", ""B. 9"", ""C. 10"", ""D. 11""]",B,9,"[""1. Pertama, jumlahkan semua skor:"", ""   7 + 8 + 9 + 10 + 11 = 45"", ""2. Selanjutnya, jumlahkan banyaknya anak:"", ""   5 anak"", ""3. Lalu, bagi jumlah total skor dengan banyaknya anak:"", ""   45 ÷ 5 = 9""]",9,"[{""chunk_id"": ""1"", ""source"": ""https://www.mathsisfun.com/mean.html""}, {""chunk_id"": ""2"", ""source"": ""https://www.math-only-math.com/average.html""}]",[],pengolahan_data,0.8,True,True,C2-moe-only conf=0.80
C2,22,4,kpk_fpb,menentukan KPK,sedang,"Sebuah kotak berisi 12 bola merah dan 18 bola biru. Untuk membagi semua bola tersebut menjadi kelompok yang sama tanpa ada bola yang tersisa, kelompok terbesar yang dapat dibuat adalah...?","[""A. 6"", ""B. 12"", ""C. 18"", ""D. 36""]",D,36,"[""Faktorkan bilangan 12 dan 18:"", ""- Bilangan 12 = 2 x 2 x 3"", ""- Bilangan 18 = 2 x 3 x 3"", ""Mencari faktor persekutuan terbesar (FPB) dari 12 dan 18:"", ""- FPB = 2 x 3 = 6"", ""Mencari faktor persekutuan terkecil (KPK) dari 12 dan 18:"", ""- KPK = 2 x 2 x 3 x 3 = 36"", ""Jadi, kelompok terbesar yang dapat dibuat adalah 36.""]",36,"[{""chunk_id"": ""factorization_12_18"", ""source"": ""https://www.mathsisfun.com/prime-factorization.html""}, {""chunk_id"": ""gcf_lcm"", ""source"": ""https://www.mathsisfun.com/equations/gcf-lcm.html""}]",[],kpk_fpb,0.8,True,True,C2-moe-only conf=0.80
C2,23,4,pengolahan_data,rata-rata,mudah,"Sebuah kelompok anak mengikuti tes matematika. Mereka mendapatkan nilai sebagai berikut: 7, 9, 12, 8, 10, 6, 9. Rata-rata nilai mereka adalah...?","[""A. 7"", ""B. 7.2"", ""C. 7.3"", ""D. 7.4""]",C,7.3,"[""1. Pertama, jumlahkan semua nilai: 7 + 9 + 12 + 8 + 10 + 6 + 9 = 51"", ""2. Selanjutnya, hitung jumlah nilai: 7 + 9 + 12 + 8 + 10 + 6 + 9 = 51"", ""3. Jumlah nilai adalah 51 dan ada 7 nilai."", ""4. Hitung rata-rata dengan membagi jumlah nilai dengan banyaknya nilai: 51 ÷ 7 = 7.2857"", ""5. Rounding ke depan: 7.2857 ≈ 7.3"", ""6. Jadi, rata-rata nilai mereka adalah 7.3.""]",7.3,"[{""chunk_id"": ""1"", ""source"": ""https://www.mathsisfun.com/mean.html""}]",[],pengolahan_data,0.8,True,True,C2-moe-only conf=0.80
C2,24,4,perkalian_pembagian,,sulit,"Sebuah toko menjual buku dengan harga Rp 25.000 per buah. Jika seorang pembeli membeli 12 buah buku tersebut, berapa total harga belanjaannya?","[""A. 280.000"", ""B. 290.000"", ""C. 300.000"", ""D. 310.000""]",C,300.000,"[""Hitung jumlah harga per buku: Rp 25.000"", ""Hitung total harga untuk 12 buku: 12 x 25.000 = 300.000""]",300.000,[],[],perkalian_pembagian,1.0,True,True,C2-moe-only conf=1.00
C2,25,4,kpk_fpb,menentukan KPK,sedang,Dua bilangan adalah 24 dan 36. Berapakah KPK dari dua bilangan tersebut?,"[""A. 18"", ""B. 36"", ""C. 72"", ""D. 96""]",C,72,"[""Faktorkan kedua bilangan menjadi faktor prima:"", ""- 24 = 2 × 2 × 2 × 3"", ""- 36 = 2 × 2 × 3 × 3"", ""Temukan semua faktor prima yang muncul dalam kedua faktorisasi ini:"", ""- Faktor prima yang muncul: 2 dan 3"", ""- Jumlah pangkat terbesar dari faktor prima 2: 3 (dari 24)"", ""- Jumlah pangkat terbesar dari faktor prima 3: 2 (dari 36)"", ""Hitung KPK dengan mengalikan semua faktor prima dengan pangkat terbesarnya:"", ""- KPK = 2^3 × 3^2 = 8 × 9 = 72""]",72,"[{""chunk_id"": ""factoring_primes"", ""source"": ""https://www.mathsisfun.com/prime-factorization.html""}, {""chunk_id"": ""finding_kpk"", ""source"": ""https://www.math-only-math.com/least-common-multiple-lcm-of-two-numbers.html""}]",[],kpk_fpb,0.8,True,True,C2-moe-only conf=0.80
C2,26,4,bilangan,nilai tempat dan urutan bilangan,sedang,"Urutkan bilangan dari yang terkecil ke yang terbesar: 234, 198, 321, 219. Pilihlah jawaban yang benar.","[""A. 219, 234, 198, 321"", ""B. 198, 219, 234, 321"", ""C. 234, 219, 198, 321"", ""D. 321, 234, 219, 198""]",A,"219, 234, 198, 321","[""Bandingkan masing-masing bilangan dengan urutan nilai tempatnya:"", ""- 234 memiliki digit ratusan 2, puluhan 3, dan satuan 4."", ""- 198 memiliki digit ratusan 1, puluhan 9, dan satuan 8."", ""- 321 memiliki digit ratusan 3, puluhan 2, dan satuan 1."", ""- 219 memiliki digit ratusan 2, puluhan 1, dan satuan 9.""]",219 < 234 < 198 < 321,"[{""chunk_id"": ""bilangan_terkecil_terbesar"", ""source"": ""https://www.scholastic.com/teachers/articles/teaching-content/ordering-numbers-activities-for-kids""}]",[],bilangan,0.4,True,False,C2-moe-only conf=0.40
C2,27,4,pengukuran,median,sedang,"Sebuah kelas memiliki data nilai rapor matematika sebagai berikut: 78, 82, 90, 85, 88, 92, 80, 84, 86, 89. Median dari data tersebut adalah...?","[""A. 83,5"", ""B. 85,5"", ""C. 87,5"", ""D. 89,5""]",B,"85,5","[""Urutkan data dari yang terkecil ke terbesar:"", ""78, 80, 82, 84, 85, 86, 88, 89, 90, 92"", ""Median adalah nilai tengah dalam urutan tersebut."", ""Jumlah data adalah 10 (genap), jadi median ditempatkan antara kedua nilai tengah."", ""Nilai tengah pertama adalah 85, dan nilai tengah kedua adalah 86."", ""Median = (85 + 86) / 2 = 85,5""]",(85 + 86) / 2,"[{""chunk_id"": ""1"", ""source"": ""Contoh soal ini didasarkan pada materi median dalam kelas 4 SD.""}]",[],pengukuran,0.4,True,True,C2-moe-only conf=0.40
C2,28,4,skala,Perbandingan Skala,Mudah,"Sebuah peta memiliki skala 1 : 5000. Jika jarak sebenarnya antara dua objek adalah 250 meter, berapakah jarak pada peta?","[""A. 500 meter"", ""B. 750 meter"", ""C. 1000 meter"", ""D. 1250 meter""]",D,1250 meter,"[""Tentukan perbandingan skala dalam bentuk pecahan: 1 : 5000"", ""Ubah jarak sebenarnya ke meter menjadi desimal: 250 meter = 250/1000 = 0,25 km"", ""Perhatikan bahwa 1 km = 1000 meter, jadi 0,25 km = 0,25/1000 = 0,00025 km"", ""Hitung jarak pada peta dengan menggunakan perbandingan skala: 0,00025 km x 5000 = 1,25 km"", ""Ubah hasil ke meter: 1,25 km = 1250 meter""]",1250,[],[],skala,0.8,True,False,C2-moe-only conf=0.80
C2,29,4,perkalian_pembagian,,sulit,"Sebuah toko menjual buku dengan harga Rp 25.000 setiap buah. Jika Pak A membeli 36 buah buku ini, berapa jumlah uang yang harus dibayarkan Pak A?","[""A. Rp 75.000"", ""B. Rp 85.000"", ""C. Rp 900.000"", ""D. Rp 1.000.000""]",C,Rp 900.000,"[""Hitung total harga untuk 36 buku menggunakan rumus: Total Harga = Harga Satu Buku × Jumlah Buku"", ""Harga Satu Buku = Rp 25.000"", ""Jumlah Buku = 36"", ""Total Harga = Rp 25.000 × 36"", ""Perhitungan: 25.000 × 36 = 900.000""]",900.000,[],[],perkalian_pembagian,1.0,True,False,C2-moe-only conf=1.00
C2,30,4,pengukuran,sudut,mudah,Sebuah sudut memiliki besar 90 derajat. Berapakah besar sudut tersebut dalam radian?,"[""A. 3 radian"", ""B. 1 radian"", ""C. \\\\\\(\\\\frac{\\\\\\pi}{2}\\\\\\) radian"", ""D. 0 radian""]",C,\\\(\\frac{\\\pi}{2}\\\),"[""Pertama, kita kenali bahwa 1 derajat sama dengan \\\\\\(\\\\frac{\\\\\\pi}{180}\\\\\\) radian."", ""Jadi, untuk mengubah 90 derajat ke radian, kita kalikan 90 dengan \\\\\\(\\\\frac{\\\\\\pi}{180}\\\\\\)."", ""\\\\\\[90 \\\\times \\\\frac{\\\\\\pi}{180} = \\\\frac{90\\\\\\pi}{180}\\\\\\]"", ""Kemudian, kita sederhanakan pecahan tersebut:"", ""\\\\\\[\\\\frac{90\\\\\\pi}{180} = \\\\frac{\\\\\\pi}{2}\\\\\\]""]",\\\(\\frac{\\\pi}{2}\\\) radian,"[{""chunk_id"": ""id1"", ""source"": ""Referensi: Matematika SD Kelas 4""}]",[],pengukuran,0.4,True,False,C2-moe-only conf=0.40
C2,31,4,kpk_fpb,faktor prima,sulit,"Sebuah bilangan genap terdiri dari digit-digit prima 2, 3, dan 5. Bilangan tersebut juga habis dibagi oleh 7. Berapakah KPK dari faktor-prima tersebut?","[""A. 60"", ""B. 120"", ""C. 180"", ""D. 210""]",D,210,"[""Identifikasi faktor prima dari bilangan tersebut:"", ""2, 3, 5, dan 7"", ""KPK dari faktor-faktor ini adalah hasil perkalian semua faktor prima tersebut:"", ""2 x 3 x 5 x 7 = 210""]",210,"[{""chunk_id"": ""chunk1"", ""source"": ""Matematika SD Kelas 4""}]",[],kpk_fpb,1.0,True,True,C2-moe-only conf=1.00
C2,32,4,skala,denah dan peta,sedang,"Sebuah peta menggunakan skala 1:20000. Jika jarak sebenarnya antara dua objek di luar kota adalah 40 meter, berapa jarak yang mewakili kedua objek tersebut pada peta?","[""A. 2 sentimeter"", ""B. 20 sentimeter"", ""C. 200 sentimeter"", ""D. 2000 sentimeter""]",A,2 sentimeter,"[""Hitunglah jarak dalam satuan meter pada peta:"", ""Jarak sebenarnya = 40 meter"", ""Skala peta = 1:20000"", ""Jadi, jarak pada peta = Jarak sebenarnya * Skala peta"", ""Jarak pada peta = 40 * 1/20000 = 40 / 20000 = 0.002 meter"", ""Ubah jarak dalam meter ke dalam satuan yang lebih mudah dipahami, seperti sentimeter:"", ""0.002 meter = 2 sentimeter""]",2,"[{""chunk_id"": ""1"", ""source"": ""Sumber: Matematika SD Kelas 4 Hal. 34""}]",[],skala,1.0,True,False,C2-moe-only conf=1.00
C2,33,4,kpk_fpb,menentukan FPB,mudah,Sebuah pecahan adalah 3/9. Tentukan faktor persekutuan terbesar (FPB) dari penyebut dan pembilang.,"[""A. 1"", ""B. 2"", ""C. 3"", ""D. 6""]",C,3,"[""Faktorkan penyebut dan pembilang pecahan tersebut."", ""Penyebut adalah 9 dan pembilang adalah 3."", ""Faktorkan 9 menjadi 3 x 3."", ""Faktorkan 3 menjadi 3 x 1."", ""FPB adalah faktor yang sama dari kedua bilangan ini, yaitu 3.""]",3,[],[],kpk_fpb,0.8,True,True,C2-moe-only conf=0.80
C2,34,4,skala,denah dan peta,mudah,"Sebuah peta menggunakan skala 1:2000. Jika jarak antara dua objek di peta sebesar 3 cm, berapa jaraknya di lapangan?","[""A. 3 km"", ""B. 4 km"", ""C. 5 km"", ""D. 6 km""]",D,6 km,"[""Skala peta 1:2000 artinya setiap 1 cm di peta mewakili 2000 cm di lapangan."", ""Jadi, jika di peta jarak antara dua objek sebesar 3 cm, maka di lapangan jaraknya adalah 3 x 2000 = 6000 cm."", ""Untuk mengubah satuan dari cm ke km, kita membagi dengan 1000."", ""Maka, 6000 cm = 6000 / 1000 = 6 km.""]",6,[],[],skala,1.0,True,False,C2-moe-only conf=1.00
C2,35,4,bilangan,nilai tempat dan urutan bilangan,mudah,"Urutkan bilangan dari yang terkecil ke yang terbesar: 23, 17, 35, 41.","[""17, 23, 35, 41"", ""17, 35, 23, 41"", ""23, 17, 35, 41"", ""23, 35, 17, 41""]",A,"17, 23, 35, 41","[""Berdasarkan nilai tempat, kita urutkan bilangan dari kiri ke kanan."", ""Bilangan terkecil adalah 17 karena posisinya di sebelah kiri."", ""Selanjutnya adalah 23, karena 23 < 35 < 41."", ""Terakhir, bilangan terbesar adalah 41.""]","17, 23, 35, 41",[],[],bilangan,0.4,True,False,C2-moe-only conf=0.40
C2,36,4,pengukuran,modus,sulit,"Sebuah sekolah memiliki ukuran kaki sepatu siswa sebagai berikut: 28, 29, 30, 31, 31, 32, 32, 32, 33, 33, 33, 33, 34, 34, 34, 34, 34, 35, 35, 36. Modus dari data tersebut adalah...?","[""A. 28"", ""B. 30"", ""C. 33"", ""D. 34""]",D,34,"[""Identifikasi frekuensi setiap ukuran kaki."", ""Ukuran kaki yang paling sering muncul adalah modus."", ""Frekuensi 34 adalah terbesar dengan muncul 5 kali."", ""Jadi, modusnya adalah 34.""]",34,[],[],pengukuran,0.4,True,True,C2-moe-only conf=0.40
C2,37,4,pengukuran,volume,sedang,"Sebuah botol minuman berukuran 2 liter. Jika ukuran botol tersebut ditransformasikan ke dalam mililiter, berapa ukuran baru dari botol tersebut?","[""A. 2000 ml"", ""B. 200 ml"", ""C. 20 ml"", ""D. 2 ml""]",A,2000,"[""1. Ingatlah bahwa 1 liter sama dengan 1000 mililiter."", ""2. Jadi, untuk mengubah 2 liter menjadi mililiter, kita perlu mengalikan 2 dengan 1000."", ""3. 2 x 1000 = 2000."", ""4. Oleh karena itu, ukuran baru dari botol minuman adalah 2000 mililiter.""]",2 x 1000 = 2000,[],[],pengukuran,0.8,True,False,C2-moe-only conf=0.80
C2,38,4,perkalian_pembagian,menggunakan sifat komutatif dan assosiatif dalam operasi perkalian,sedang,"Buas memiliki 3 kotak kelereng. Setiap kotak mengandung 40 kelereng. Jika Buas menambahkan 2 kotak lagi, setiap kotak masih mengandung 40 kelereng, berapa total kelereng Buas?","[""A. 120"", ""B. 160"", ""C. 200"", ""D. 240""]",C,200,"[""Buas memiliki 3 kotak kelereng, masing-masing 40 kelereng."", ""Jumlah kelereng di 3 kotak adalah 3 x 40 = 120 kelereng."", ""Buas menambahkan 2 kotak lagi, sehingga total kotak menjadi 3 + 2 = 5 kotak."", ""Jumlah kelereng di 5 kotak adalah 5 x 40 = 200 kelereng.""]",5 x 40,[],[],perkalian_pembagian,1.0,True,False,C2-moe-only conf=1.00
C2,39,4,bilangan,nilai tempat dan urutan bilangan,sulit,"Urutkan bilangan berikut dari yang terkecil ke yang terbesar: 327, 237, 723, 372. Berapakah posisi bilangan 372 dalam urutan tersebut?","[""A. pertama"", ""B. kedua"", ""C. ketiga"", ""D. keempat""]",C,ketiga,"[""Bandingkan setiap angka dari nilai tempat terendah hingga nilai tempat teratas."", ""Nilai tempat terendah adalah ratusan, kemudian puluhan, dan terakhir satuan."", ""Urutkan bilangan berdasarkan nilai tempat terendah:"", ""237 < 327 < 372 < 723."", ""Jadi, urutan bilangan dari terkecil ke terbesar adalah: 237, 327, 372, 723.""]",3,"[{""chunk_id"": ""123456"", ""source"": ""Matematika SD Kelas 4""}]",[],bilangan,0.4,True,False,C2-moe-only conf=0.40
C2,40,4,pengolahan_data,rata-rata,sedang,"Sebuah kelompok anak mengambil tes matematika. Mereka mendapatkan skor sebagai berikut: 7, 8, 9, 10, 10. Rata-rata skor mereka adalah...?","[""A. 8,5"", ""B. 8,8"", ""C. 9,2"", ""D. 10""]",B,"8,8","[""1. Pertama, jumlahkan semua skor: 7 + 8 + 9 + 10 + 10 = 44"", ""2. Selanjutnya, jumlahkan banyaknya anak: 5"", ""3. Terakhir, bagi jumlah skor dengan banyaknya anak: 44 ÷ 5 = 8,8""]",44 ÷ 5,"[{""chunk_id"": ""1"", ""source"": ""Contoh soal ini diambil dari buku matematika SD kelas 4""}]",[],pengolahan_data,0.8,True,True,C2-moe-only conf=0.80
C2,41,4,pecahan,Pengurangan Pecahan,Sulit,"Sebuah pizza dibagi menjadi 8 bagian. Ifin makan 3 bagian dan Umi makan 2 bagian, berapakah sisa dari pizza tersebut dalam bentuk pecahan?","[""A. \\(\frac{1}{8}\\)"", ""B. \\(\frac{2}{8}\\)"", ""C. \\(\frac{3}{8}\\)"", ""D. \\(\frac{5}{8}\\)""]",C,3,"[""Jumlah total bagian pizza awal adalah 8."", ""Ifin makan 3 bagian, maka sisa bagian adalah 8 - 3 = 5 bagian."", ""Umi makan 2 bagian, jadi sisa bagian adalah 5 - 2 = 3 bagian."", ""Jadi, sisa dari pizza tersebut adalah 3 bagian dari 8 bagian."", ""Pecahan sisa dari pizza adalah \\(\frac{3}{8}\\).""]",\(rac{3}{8}\),[],[],pecahan,1.0,True,False,C2-moe-only conf=1.00
C2,42,4,pengolahan_data,rata-rata,mudah,"Sebuah kelompok anak menghitung rata-rata usia mereka. Jika usia mereka adalah 8 tahun, 9 tahun, 7 tahun, 10 tahun, dan 8 tahun, berapakah rata-rata usia mereka?","[""A. 8"", ""B. 8,4"", ""C. 9"", ""D. 10""]",B,"8,4","[""Berdasarkan data usia anak-anak, jumlah usianya adalah 8 + 9 + 7 + 10 + 8 = 42 tahun."", ""Jumlah anak dalam kelompok itu adalah 5 anak."", ""Untuk mencari rata-rata, kita membagi jumlah usia dengan jumlah anak:"", ""Rata-rata usia = 42 ÷ 5 = 8,4 tahun.""]","42 ÷ 5 = 8,4",[],[],pengolahan_data,0.8,True,True,C2-moe-only conf=0.80
C2,43,4,pengukuran,median,mudah,"Sebuah kelas memiliki ukuran badan sebagai berikut: 132 cm, 145 cm, 148 cm, 150 cm, 152 cm, 155 cm, 160 cm. Median dari data tersebut adalah...?","[""A. 132 cm"", ""B. 145 cm"", ""C. 150 cm"", ""D. 160 cm""]",C,150 cm,"[""Urutkan data dari kecil ke besar: 132 cm, 145 cm, 148 cm, 150 cm, 152 cm, 155 cm, 160 cm."", ""Jumlah data: 7"", ""Median adalah nilai tengah dari data yang sudah diurutkan."", ""Jadi, median adalah nilai yang ke-4 dalam urutan tersebut.""]",150 cm,[],[],pengukuran,0.4,True,False,C2-moe-only conf=0.40
C2,44,4,penjumlahan_pengurangan,,sedang,"Sebuah buku memiliki 234 halaman. Jika sudah dibaca 127 halaman, berapa banyak halaman yang belum dibaca?","[""A. 107"", ""B. 108"", ""C. 109"", ""D. 110""]",A,107,"[""Banyak halaman yang sudah dibaca adalah 127."", ""Jumlah total halaman buku adalah 234."", ""Untuk menemukan jumlah halaman yang belum dibaca, kurangkan jumlah halaman yang sudah dibaca dari total halaman."", ""234 - 127 = 107""]",234 - 127,[],[],penjumlahan_pengurangan,0.8,True,True,C2-moe-only conf=0.80
C2,45,4,pecahan,Pengurangan Pecahan,sedang,Sebuah mangga dibagi menjadi tiga bagian. Saya makan dua bagian. Bagian apa yang saya makan? Tuliskan dalam bentuk pecahan.,"[""A. 1/6"", ""B. 1/3"", ""C. 2/3"", ""D. 3/2""]",B,1/3,"[""Mangga dibagi menjadi 3 bagian, jadi setiap bagian adalah 1/3 dari seluruh mangga."", ""Saya makan dua bagian, jadi kita perlu mengurangkan 2 bagian dari 3 bagian."", ""Maka, kita melakukan pengurangan pecahan: 3/3 - 2/3 = 1/3.""]",1/3,"[{""chunk_id"": ""mangga_dibagi_tiga_bagian"", ""source"": ""https://www.mathsisfun.com/numbers/fractions.html""}, {""chunk_id"": ""mengurangkan_pecahan"", ""source"": ""https://www.math-only-math.com/subtracting-fractions.html""}]",[],pecahan,1.0,True,True,C2-moe-only conf=1.00
C2,46,4,pengukuran,panjang dan satuan,sedang,"Sebuah buku memiliki panjang 25 sentimeter. Jika satuan tersebut dikonversi ke milimeter, berapakah hasilnya?","[""150 mm"", ""250 mm"", ""350 mm"", ""450 mm""]",B,250,"[""Satuan panjang yang digunakan adalah sentimeter (cm)"", ""Satuan yang ingin diubah adalah milimeter (mm)"", ""Konversi satuan panjang dari sentimeter ke milimeter adalah 1 cm = 10 mm"", ""Maka, untuk 25 sentimeter, kita perlu mengalikan 25 dengan 10"", ""25 cm x 10 = 250 mm""]",250 mm,"[{""chunk_id"": ""1"", ""source"": ""Matematika SD Kelas 4""}]",[],pengukuran,1.0,True,False,C2-moe-only conf=1.00
C2,47,4,bilangan,nilai tempat dan urutan bilangan,sedang,"Urutkan bilangan-bilangan berikut dari yang terkecil ke yang terbesar: 234, 198, 321, 213. Lalu tentukanlah bilangan terkecil dan terbesar.","[""A. 198"", ""B. 213"", ""C. 234"", ""D. 321""]",A,198,"[""Urutkan bilangan dari yang terkecil ke terbesar:"", ""- Pertama, bandingkan angka puluhan: 1, 2, 2, 3."", ""- Kemudian, bandingkan angka satuan: 3, 8, 1, 3."", ""- Jadi, urutan bilangan dari terkecil ke terbesar adalah: 198, 213, 234, 321."", ""Bilangan terkecil adalah 198."", ""Bilangan terbesar adalah 321.""]",198,"[{""chunk_id"": ""math_srtng_1"", ""source"": ""https://www.math-only-math.com/""}]",[],bilangan,0.4,True,True,C2-moe-only conf=0.40
C2,48,4,perkalian_pembagian,,sedang,"Sebuah kantong makanan terdiri dari 12 bungkus kecil. Jika setiap bungkus kecil itu terbagi menjadi 3 potongan, berapa total potongan makanan?","[""A. 18"", ""B. 24"", ""C. 30"", ""D. 36""]",D,36,"[""Mula-mula, kita perlu menghitung jumlah potongan dalam setiap bungkus."", ""Setiap bungkus terbagi menjadi 3 potongan, jadi setiap bungkus memiliki 3 potongan."", ""Selanjutnya, kita perlu menghitung total potongan dari semua bungkus."", ""Jumlah bungkus adalah 12, dan setiap bungkus memiliki 3 potongan."", ""Jadi, total potongan makanan adalah 12 bungkus x 3 potongan/bungkus = 36 potongan.""]",12 x 3 = 36,[],[],perkalian_pembagian,1.0,True,False,C2-moe-only conf=1.00
C2,49,4,penjumlahan_pengurangan,,sulit,"Sebuah toko memiliki 234 buku. Jika 127 buku dijual, berapa sisa buku dalam toko tersebut?","[""A. 107"", ""B. 108"", ""C. 109"", ""D. 110""]",A,361,"[""Hitung jumlah buku yang terjual: 127"", ""Hitung jumlah buku yang tersisa: 234 - 127"", ""Penjumlahan: 234 + 127 = 361"", ""Jadi, sisa buku dalam toko adalah 361 buku""]",361,"[{""chunk_id"": ""1"", ""source"": """"}]",[],penjumlahan_pengurangan,0.8,True,True,C2-moe-only conf=0.80
C2,50,4,penjumlahan_pengurangan,,sedang,"Jika Nana memiliki 45 buku, kemudian membeli 27 buku lagi, berapa total buku yang dimilikinya?","[""A. 30"", ""B. 60"", ""C. 72"", ""D. 82""]",C,72,"[""Nana awalnya memiliki 45 buku."", ""Nana membeli 27 buku lagi."", ""Untuk menemukan total buku, kita perlu menjumlahkan 45 dan 27."", ""Maka, 45 + 27 = 72.""]",45 + 27 = 72,[],[],penjumlahan_pengurangan,0.8,True,True,C2-moe-only conf=0.80
